{
  "timestamp": 1755893886.7264483,
  "total_time": 10.19401216506958,
  "summary": {
    "total_tests": 10,
    "passed_tests": 7,
    "failed_tests": 3,
    "success_rate": 0.7
  },
  "results": {
    "Generation 1: Basic Functionality": {
      "success": false,
      "timestamp": 1755893878.287605
    },
    "Generation 2: Robustness": {
      "success": true,
      "timestamp": 1755893881.0888293
    },
    "Generation 3: Scalability": {
      "success": true,
      "timestamp": 1755893883.5673268
    },
    "Unit Tests": {
      "success": false,
      "timestamp": 1755893886.4674366
    },
    "Integration Tests": {
      "success": true,
      "timestamp": 1755893886.5316358
    },
    "Performance Tests": {
      "success": true,
      "timestamp": 1755893886.6005619
    },
    "Security Tests": {
      "success": true,
      "timestamp": 1755893886.6619387
    },
    "Code Quality": {
      "success": true,
      "timestamp": 1755893886.7252667
    },
    "Documentation": {
      "success": true,
      "timestamp": 1755893886.7257216
    },
    "Deployment Readiness": {
      "success": false,
      "timestamp": 1755893886.7263138
    }
  }
}